id; Фамилия; Имя; Отчество; Телефон
01; Иванова; Мария; Ивановна; +7(286)5362773
02; Петров; Николай; Васильевич; +7(348)8940448
03; Конюхов; Арсентий; Фридрихович; +7(603)1322915
04; Александрова; Нина; Владимировна; +7(240)2615321
05; Ложечкин; Григорий; Петрович; +7(124)2941317
06; Гришакова; Валентина; Степановна; +7(686)4161504
07; Борькин; Сергей; Викторович; +7(605)1448688
08; Сергеев; Борис; Григорьевич; +7(666)9677425
09; Яровая; Любовь; Васильевна; +7(034)8896498
10; Григорьев; Никита; Дмитриевич; +7(394)3326238
11; Берёзкина; Олеся; Владимировна; +7(141)6438676
12; Лапкин; Василий; Сергеевич; +7(128)2217355
13; Брюлик; Юлия; Гавриловна; +7(317)0180707
14; Крокодил; Геннадий; Проклович; +7(066)5150713
15; Мастенко; Данила; Алексеевич; +7(227)7120180
16; Жарикова; Лариса; Денисовна; +7(399)8147199
17; Волков; Пётр; Ефимович; +7(042)3692826
18; Иноземцев; Яков; Александрович; +7(002)4713857
19; Шахназарова; Елизавета; Евгеньевна; +7(023)7865594
20; Ильичёва; Мария; Васильевна; +7(612)2598903
21; Окшанцев; Дмитрий; Аристархович; +7(127)1141265
22; Хлеборобов; Фёдор; Николаевич; +7(156)4940626
23; Короткая; Нина; Алексеевна; +7(312)9208021
24; Фартовая; Анна; Леонидовна; +7(462)3027815
25; Суворов; Александр; Васильевич; +7(170)0127153
27; Прекрасная; Василиса; Ивановна; +7(642)7487917
28; Таврический; Дормидонт; Захарович; +7(518)0669363
29; Токаревич; Алексей; Александрович; +7(913)632-17-28
