Иванова; Мария; Ивановна; +7(702)2195516
Петров; Николай; Васильевич; +7(310)2290019
Конюхов; Арсентий; Фридрихович; +7(740)6652258
Александрова; Нина; Владимировна; +7(435)1258665
Ложечкин; Григорий; Петрович; +7(848)3426141
Гришакова; Валентина; Степановна; +7(378)5724540
Борькин; Сергей; Викторович; +7(670)7629564
Сергеев; Борис; Григорьевич; +7(273)6746817
Яровая; Любовь; Васильевна; +7(261)5090311
Григорьев; Никита; Дмитриевич; +7(946)0123360
Берёзкина; Олеся; Владимировна; +7(981)2155632
Лапкин; Василий; Сергеевич; +7(303)7651902
Брюлик; Юлия; Гавриловна; +7(673)6377964
Крокодил; Геннадий; Проклович; +7(721)0878084
Мастенко; Данила; Алексеевич; +7(569)0992743
Жарикова; Лариса; Денисовна; +7(476)2564704
Волков; Пётр; Ефимович; +7(476)7094340
Иноземцев; Яков; Александрович; +7(982)8448929
Шахназарова; Елизавета; Евгеньевна; +7(808)9028445
Ильичёва; Мария; Геннадьевна; +7(670)1633406
Окшанцев; Дмитрий; Аристархович; +7(888)6037365
Хлеборобов; Фёдор; Николаевич; +7(373)9723284
Короткая; Нина; Алексеевна; +7(538)8718835
Фартовая; Анна; Леонидовна; +7(671)2564697
Суворов; Александр; Васильевич; +7(173)5030093
Зайцева; Зинаида; Степановна; +7(816)8225864
Прекрасная; Василиса; Ивановна; +7(280)7726760
Таврический; Дормидонт; Захарович; +7(352)4145302
